{"cameraMode":{"drawMode":0,"name":"Shaded","section":"Shading Mode"},"sceneLighting":false,"audioPlay":false,"sceneViewState":{"m_AlwaysRefresh":false,"showFog":true,"showSkybox":false,"showFlares":true,"showImageEffects":true,"showParticleSystems":true,"showVisualEffectGraphs":true,"m_FxEnabled":true},"in2DMode":false,"pivot":{"x":-5.34982967376709,"y":2.85150146484375,"z":-0.14296960830688477},"rotation":{"x":0.21719883382320405,"y":0.021960752084851266,"z":-0.004887781571596861,"w":0.9758687019348145},"size":1.6809101104736329,"orthographic":false}