{"cameraMode":{"drawMode":0,"name":"Shaded","section":"Shading Mode"},"sceneLighting":false,"audioPlay":false,"sceneViewState":{"m_AlwaysRefresh":false,"showFog":true,"showSkybox":false,"showFlares":true,"showImageEffects":true,"showParticleSystems":true,"showVisualEffectGraphs":true,"m_FxEnabled":true},"in2DMode":false,"pivot":{"x":-14.556480407714844,"y":-8.104765892028809,"z":4.118368148803711},"rotation":{"x":0.07084868103265763,"y":-0.23125487565994264,"z":0.016888054087758066,"w":0.9701647162437439},"size":0.15681540966033936,"orthographic":false}